{
  "openapi": "3.0.4",
  "info": {
    "title": "ProScheduler.Api",
    "version": "1.0"
  },
  "paths": {
    "/api/events": {
      "get": {
        "tags": [
          "Events"
        ],
        "responses": {
          "200": {
            "description": "OK",
            "content": {
              "application/json": {
                "schema": {
                  "type": "array",
                  "items": {
                    "$ref": "#/components/schemas/Event"
                  }
                }
              }
            }
          },
          "401": {
            "description": "Unauthorized - API Key missing or invalid.",
            "content": {
              "text/plain": {
                "schema": {
                  "type": "string"
                }
              }
            }
          }
        }
      },
      "post": {
        "tags": [
          "Events"
        ],
        "requestBody": {
          "content": {
            "application/json": {
              "schema": {
                "$ref": "#/components/schemas/CreateEvent"
              }
            }
          },
          "required": true
        },
        "responses": {
          "400": {
            "description": "Bad Request",
            "content": {
              "application/json": {
                "schema": {
                  "type": "string"
                }
              }
            }
          },
          "201": {
            "description": "Created",
            "content": {
              "application/json": {
                "schema": {
                  "$ref": "#/components/schemas/Event"
                }
              }
            }
          },
          "401": {
            "description": "Unauthorized - API Key missing or invalid.",
            "content": {
              "text/plain": {
                "schema": {
                  "type": "string"
                }
              }
            }
          }
        }
      }
    },
    "/api/events/{id}": {
      "get": {
        "tags": [
          "Events"
        ],
        "operationId": "GetEvent",
        "parameters": [
          {
            "name": "id",
            "in": "path",
            "required": true,
            "schema": {
              "type": "integer",
              "format": "int32"
            }
          }
        ],
        "responses": {
          "404": {
            "description": "Not Found",
            "content": {
              "application/json": {
                "schema": {
                  "type": "string"
                }
              }
            }
          },
          "400": {
            "description": "Bad Request",
            "content": {
              "application/json": {
                "schema": {
                  "type": "string"
                }
              }
            }
          },
          "200": {
            "description": "OK",
            "content": {
              "application/json": {
                "schema": {
                  "$ref": "#/components/schemas/Event"
                }
              }
            }
          },
          "401": {
            "description": "Unauthorized - API Key missing or invalid.",
            "content": {
              "text/plain": {
                "schema": {
                  "type": "string"
                }
              }
            }
          }
        }
      },
      "delete": {
        "tags": [
          "Events"
        ],
        "parameters": [
          {
            "name": "id",
            "in": "path",
            "required": true,
            "schema": {
              "type": "integer",
              "format": "int32"
            }
          }
        ],
        "responses": {
          "204": {
            "description": "No Content"
          },
          "401": {
            "description": "Unauthorized - API Key missing or invalid.",
            "content": {
              "text/plain": {
                "schema": {
                  "type": "string"
                }
              }
            }
          }
        }
      },
      "put": {
        "tags": [
          "Events"
        ],
        "parameters": [
          {
            "name": "id",
            "in": "path",
            "required": true,
            "schema": {
              "type": "integer",
              "format": "int32"
            }
          }
        ],
        "requestBody": {
          "content": {
            "application/json": {
              "schema": {
                "$ref": "#/components/schemas/UpdateEvent"
              }
            }
          },
          "required": true
        },
        "responses": {
          "400": {
            "description": "Bad Request",
            "content": {
              "application/json": {
                "schema": {
                  "type": "string"
                }
              }
            }
          },
          "404": {
            "description": "Not Found",
            "content": {
              "application/json": {
                "schema": {
                  "type": "string"
                }
              }
            }
          },
          "204": {
            "description": "No Content"
          },
          "401": {
            "description": "Unauthorized - API Key missing or invalid.",
            "content": {
              "text/plain": {
                "schema": {
                  "type": "string"
                }
              }
            }
          }
        }
      }
    },
    "/api/events/{eventId}/persons": {
      "patch": {
        "tags": [
          "Events"
        ],
        "parameters": [
          {
            "name": "eventId",
            "in": "path",
            "required": true,
            "schema": {
              "type": "integer",
              "format": "int32"
            }
          }
        ],
        "requestBody": {
          "content": {
            "application/json": {
              "schema": {
                "$ref": "#/components/schemas/PatchEventPersons"
              }
            }
          },
          "required": true
        },
        "responses": {
          "400": {
            "description": "Bad Request",
            "content": {
              "application/json": {
                "schema": {
                  "type": "string"
                }
              }
            }
          },
          "404": {
            "description": "Not Found",
            "content": {
              "application/json": {
                "schema": {
                  "type": "string"
                }
              }
            }
          },
          "204": {
            "description": "No Content"
          },
          "401": {
            "description": "Unauthorized - API Key missing or invalid.",
            "content": {
              "text/plain": {
                "schema": {
                  "type": "string"
                }
              }
            }
          }
        }
      }
    },
    "/api/event-statuses": {
      "get": {
        "tags": [
          "EventStatuses"
        ],
        "responses": {
          "200": {
            "description": "OK",
            "content": {
              "application/json": {
                "schema": {
                  "type": "array",
                  "items": {
                    "$ref": "#/components/schemas/EventStatus"
                  }
                }
              }
            }
          },
          "401": {
            "description": "Unauthorized - API Key missing or invalid.",
            "content": {
              "text/plain": {
                "schema": {
                  "type": "string"
                }
              }
            }
          }
        }
      }
    },
    "/api/event-statuses/{id}": {
      "get": {
        "tags": [
          "EventStatuses"
        ],
        "operationId": "GetEventStatus",
        "parameters": [
          {
            "name": "id",
            "in": "path",
            "required": true,
            "schema": {
              "type": "integer",
              "format": "int32"
            }
          }
        ],
        "responses": {
          "404": {
            "description": "Not Found"
          },
          "200": {
            "description": "OK",
            "content": {
              "application/json": {
                "schema": {
                  "$ref": "#/components/schemas/EventStatus"
                }
              }
            }
          },
          "401": {
            "description": "Unauthorized - API Key missing or invalid.",
            "content": {
              "text/plain": {
                "schema": {
                  "type": "string"
                }
              }
            }
          }
        }
      }
    },
    "/api/patientdetails": {
      "get": {
        "tags": [
          "PatientDetails"
        ],
        "responses": {
          "200": {
            "description": "OK",
            "content": {
              "application/json": {
                "schema": {
                  "type": "array",
                  "items": {
                    "$ref": "#/components/schemas/PatientDetails"
                  }
                }
              }
            }
          },
          "401": {
            "description": "Unauthorized - API Key missing or invalid.",
            "content": {
              "text/plain": {
                "schema": {
                  "type": "string"
                }
              }
            }
          }
        }
      },
      "post": {
        "tags": [
          "PatientDetails"
        ],
        "requestBody": {
          "content": {
            "application/json": {
              "schema": {
                "$ref": "#/components/schemas/CreatePatientDetails"
              }
            }
          },
          "required": true
        },
        "responses": {
          "400": {
            "description": "Bad Request",
            "content": {
              "application/json": {
                "schema": {
                  "type": "string"
                }
              }
            }
          },
          "404": {
            "description": "Not Found",
            "content": {
              "application/json": {
                "schema": {
                  "type": "string"
                }
              }
            }
          },
          "409": {
            "description": "Conflict",
            "content": {
              "application/json": {
                "schema": {
                  "type": "string"
                }
              }
            }
          },
          "201": {
            "description": "Created",
            "content": {
              "application/json": {
                "schema": {
                  "$ref": "#/components/schemas/PatientDetails"
                }
              }
            }
          },
          "401": {
            "description": "Unauthorized - API Key missing or invalid.",
            "content": {
              "text/plain": {
                "schema": {
                  "type": "string"
                }
              }
            }
          }
        }
      }
    },
    "/api/patientdetails/{personId}": {
      "get": {
        "tags": [
          "PatientDetails"
        ],
        "operationId": "GetPatientDetails",
        "parameters": [
          {
            "name": "personId",
            "in": "path",
            "required": true,
            "schema": {
              "type": "integer",
              "format": "int32"
            }
          }
        ],
        "responses": {
          "404": {
            "description": "Not Found"
          },
          "200": {
            "description": "OK",
            "content": {
              "application/json": {
                "schema": {
                  "$ref": "#/components/schemas/PatientDetails"
                }
              }
            }
          },
          "401": {
            "description": "Unauthorized - API Key missing or invalid.",
            "content": {
              "text/plain": {
                "schema": {
                  "type": "string"
                }
              }
            }
          }
        }
      },
      "delete": {
        "tags": [
          "PatientDetails"
        ],
        "parameters": [
          {
            "name": "personId",
            "in": "path",
            "required": true,
            "schema": {
              "type": "integer",
              "format": "int32"
            }
          }
        ],
        "responses": {
          "204": {
            "description": "No Content"
          },
          "401": {
            "description": "Unauthorized - API Key missing or invalid.",
            "content": {
              "text/plain": {
                "schema": {
                  "type": "string"
                }
              }
            }
          }
        }
      },
      "put": {
        "tags": [
          "PatientDetails"
        ],
        "parameters": [
          {
            "name": "personId",
            "in": "path",
            "required": true,
            "schema": {
              "type": "integer",
              "format": "int32"
            }
          }
        ],
        "requestBody": {
          "content": {
            "application/json": {
              "schema": {
                "$ref": "#/components/schemas/UpdatePatientDetails"
              }
            }
          },
          "required": true
        },
        "responses": {
          "400": {
            "description": "Bad Request",
            "content": {
              "application/json": {
                "schema": {
                  "type": "string"
                }
              }
            }
          },
          "404": {
            "description": "Not Found",
            "content": {
              "application/json": {
                "schema": {
                  "type": "string"
                }
              }
            }
          },
          "204": {
            "description": "No Content"
          },
          "401": {
            "description": "Unauthorized - API Key missing or invalid.",
            "content": {
              "text/plain": {
                "schema": {
                  "type": "string"
                }
              }
            }
          }
        }
      }
    },
    "/api/persons": {
      "get": {
        "tags": [
          "Persons"
        ],
        "responses": {
          "200": {
            "description": "OK",
            "content": {
              "application/json": {
                "schema": {
                  "type": "array",
                  "items": {
                    "$ref": "#/components/schemas/Person"
                  }
                }
              }
            }
          },
          "401": {
            "description": "Unauthorized - API Key missing or invalid.",
            "content": {
              "text/plain": {
                "schema": {
                  "type": "string"
                }
              }
            }
          }
        }
      },
      "post": {
        "tags": [
          "Persons"
        ],
        "requestBody": {
          "content": {
            "application/json": {
              "schema": {
                "$ref": "#/components/schemas/CreatePerson"
              }
            }
          },
          "required": true
        },
        "responses": {
          "400": {
            "description": "Bad Request",
            "content": {
              "application/json": {
                "schema": {
                  "type": "string"
                }
              }
            }
          },
          "201": {
            "description": "Created",
            "content": {
              "application/json": {
                "schema": {
                  "$ref": "#/components/schemas/Person"
                }
              }
            }
          },
          "401": {
            "description": "Unauthorized - API Key missing or invalid.",
            "content": {
              "text/plain": {
                "schema": {
                  "type": "string"
                }
              }
            }
          }
        }
      }
    },
    "/api/persons/{id}": {
      "get": {
        "tags": [
          "Persons"
        ],
        "operationId": "GetPerson",
        "parameters": [
          {
            "name": "id",
            "in": "path",
            "required": true,
            "schema": {
              "type": "integer",
              "format": "int32"
            }
          }
        ],
        "responses": {
          "404": {
            "description": "Not Found"
          },
          "200": {
            "description": "OK",
            "content": {
              "application/json": {
                "schema": {
                  "$ref": "#/components/schemas/Person"
                }
              }
            }
          },
          "401": {
            "description": "Unauthorized - API Key missing or invalid.",
            "content": {
              "text/plain": {
                "schema": {
                  "type": "string"
                }
              }
            }
          }
        }
      },
      "delete": {
        "tags": [
          "Persons"
        ],
        "parameters": [
          {
            "name": "id",
            "in": "path",
            "required": true,
            "schema": {
              "type": "integer",
              "format": "int32"
            }
          }
        ],
        "responses": {
          "204": {
            "description": "No Content"
          },
          "401": {
            "description": "Unauthorized - API Key missing or invalid.",
            "content": {
              "text/plain": {
                "schema": {
                  "type": "string"
                }
              }
            }
          }
        }
      },
      "put": {
        "tags": [
          "Persons"
        ],
        "parameters": [
          {
            "name": "id",
            "in": "path",
            "required": true,
            "schema": {
              "type": "integer",
              "format": "int32"
            }
          }
        ],
        "requestBody": {
          "content": {
            "application/json": {
              "schema": {
                "$ref": "#/components/schemas/UpdatePerson"
              }
            }
          },
          "required": true
        },
        "responses": {
          "400": {
            "description": "Bad Request",
            "content": {
              "application/json": {
                "schema": {
                  "type": "string"
                }
              }
            }
          },
          "404": {
            "description": "Not Found"
          },
          "204": {
            "description": "No Content"
          },
          "401": {
            "description": "Unauthorized - API Key missing or invalid.",
            "content": {
              "text/plain": {
                "schema": {
                  "type": "string"
                }
              }
            }
          }
        }
      }
    },
    "/api/roles": {
      "get": {
        "tags": [
          "Roles"
        ],
        "responses": {
          "200": {
            "description": "OK",
            "content": {
              "application/json": {
                "schema": {
                  "type": "array",
                  "items": {
                    "$ref": "#/components/schemas/Role"
                  }
                }
              }
            }
          },
          "401": {
            "description": "Unauthorized - API Key missing or invalid.",
            "content": {
              "text/plain": {
                "schema": {
                  "type": "string"
                }
              }
            }
          }
        }
      },
      "post": {
        "tags": [
          "Roles"
        ],
        "requestBody": {
          "content": {
            "application/json": {
              "schema": {
                "$ref": "#/components/schemas/CreateRole"
              }
            }
          },
          "required": true
        },
        "responses": {
          "400": {
            "description": "Bad Request",
            "content": {
              "application/problem+json": {
                "schema": {
                  "$ref": "#/components/schemas/HttpValidationProblemDetails"
                }
              }
            }
          },
          "201": {
            "description": "Created",
            "content": {
              "application/json": {
                "schema": {
                  "$ref": "#/components/schemas/Role"
                }
              }
            }
          },
          "401": {
            "description": "Unauthorized - API Key missing or invalid.",
            "content": {
              "text/plain": {
                "schema": {
                  "type": "string"
                }
              }
            }
          }
        }
      }
    },
    "/api/roles/{id}": {
      "get": {
        "tags": [
          "Roles"
        ],
        "operationId": "GetRole",
        "parameters": [
          {
            "name": "id",
            "in": "path",
            "required": true,
            "schema": {
              "type": "integer",
              "format": "int32"
            }
          }
        ],
        "responses": {
          "404": {
            "description": "Not Found"
          },
          "200": {
            "description": "OK",
            "content": {
              "application/json": {
                "schema": {
                  "$ref": "#/components/schemas/Role"
                }
              }
            }
          },
          "401": {
            "description": "Unauthorized - API Key missing or invalid.",
            "content": {
              "text/plain": {
                "schema": {
                  "type": "string"
                }
              }
            }
          }
        }
      },
      "delete": {
        "tags": [
          "Roles"
        ],
        "parameters": [
          {
            "name": "id",
            "in": "path",
            "required": true,
            "schema": {
              "type": "integer",
              "format": "int32"
            }
          }
        ],
        "responses": {
          "404": {
            "description": "Not Found"
          },
          "204": {
            "description": "No Content"
          },
          "401": {
            "description": "Unauthorized - API Key missing or invalid.",
            "content": {
              "text/plain": {
                "schema": {
                  "type": "string"
                }
              }
            }
          }
        }
      },
      "put": {
        "tags": [
          "Roles"
        ],
        "parameters": [
          {
            "name": "id",
            "in": "path",
            "required": true,
            "schema": {
              "type": "integer",
              "format": "int32"
            }
          }
        ],
        "requestBody": {
          "content": {
            "application/json": {
              "schema": {
                "$ref": "#/components/schemas/UpdateRole"
              }
            }
          },
          "required": true
        },
        "responses": {
          "400": {
            "description": "Bad Request",
            "content": {
              "application/problem+json": {
                "schema": {
                  "$ref": "#/components/schemas/HttpValidationProblemDetails"
                }
              }
            }
          },
          "404": {
            "description": "Not Found"
          },
          "204": {
            "description": "No Content"
          },
          "401": {
            "description": "Unauthorized - API Key missing or invalid.",
            "content": {
              "text/plain": {
                "schema": {
                  "type": "string"
                }
              }
            }
          }
        }
      }
    },
    "/api/rooms": {
      "get": {
        "tags": [
          "Rooms"
        ],
        "responses": {
          "200": {
            "description": "OK",
            "content": {
              "application/json": {
                "schema": {
                  "type": "array",
                  "items": {
                    "$ref": "#/components/schemas/Room"
                  }
                }
              }
            }
          },
          "401": {
            "description": "Unauthorized - API Key missing or invalid.",
            "content": {
              "text/plain": {
                "schema": {
                  "type": "string"
                }
              }
            }
          }
        }
      },
      "post": {
        "tags": [
          "Rooms"
        ],
        "requestBody": {
          "content": {
            "application/json": {
              "schema": {
                "$ref": "#/components/schemas/CreateRoom"
              }
            }
          },
          "required": true
        },
        "responses": {
          "400": {
            "description": "Bad Request",
            "content": {
              "application/problem+json": {
                "schema": {
                  "$ref": "#/components/schemas/HttpValidationProblemDetails"
                }
              }
            }
          },
          "201": {
            "description": "Created",
            "content": {
              "application/json": {
                "schema": {
                  "$ref": "#/components/schemas/Room"
                }
              }
            }
          },
          "401": {
            "description": "Unauthorized - API Key missing or invalid.",
            "content": {
              "text/plain": {
                "schema": {
                  "type": "string"
                }
              }
            }
          }
        }
      }
    },
    "/api/rooms/{id}": {
      "get": {
        "tags": [
          "Rooms"
        ],
        "operationId": "GetRoom",
        "parameters": [
          {
            "name": "id",
            "in": "path",
            "required": true,
            "schema": {
              "type": "integer",
              "format": "int32"
            }
          }
        ],
        "responses": {
          "404": {
            "description": "Not Found"
          },
          "200": {
            "description": "OK",
            "content": {
              "application/json": {
                "schema": {
                  "$ref": "#/components/schemas/Room"
                }
              }
            }
          },
          "401": {
            "description": "Unauthorized - API Key missing or invalid.",
            "content": {
              "text/plain": {
                "schema": {
                  "type": "string"
                }
              }
            }
          }
        }
      },
      "delete": {
        "tags": [
          "Rooms"
        ],
        "parameters": [
          {
            "name": "id",
            "in": "path",
            "required": true,
            "schema": {
              "type": "integer",
              "format": "int32"
            }
          }
        ],
        "responses": {
          "204": {
            "description": "No Content"
          },
          "401": {
            "description": "Unauthorized - API Key missing or invalid.",
            "content": {
              "text/plain": {
                "schema": {
                  "type": "string"
                }
              }
            }
          }
        }
      },
      "put": {
        "tags": [
          "Rooms"
        ],
        "parameters": [
          {
            "name": "id",
            "in": "path",
            "required": true,
            "schema": {
              "type": "integer",
              "format": "int32"
            }
          }
        ],
        "requestBody": {
          "content": {
            "application/json": {
              "schema": {
                "$ref": "#/components/schemas/UpdateRoom"
              }
            }
          },
          "required": true
        },
        "responses": {
          "400": {
            "description": "Bad Request",
            "content": {
              "application/problem+json": {
                "schema": {
                  "$ref": "#/components/schemas/HttpValidationProblemDetails"
                }
              }
            }
          },
          "404": {
            "description": "Not Found"
          },
          "204": {
            "description": "No Content"
          },
          "401": {
            "description": "Unauthorized - API Key missing or invalid.",
            "content": {
              "text/plain": {
                "schema": {
                  "type": "string"
                }
              }
            }
          }
        }
      }
    }
  },
  "components": {
    "schemas": {
      "CreateEvent": {
        "required": [
          "end",
          "name",
          "participantIds",
          "start"
        ],
        "type": "object",
        "properties": {
          "name": {
            "maxLength": 100,
            "minLength": 1,
            "type": "string"
          },
          "start": {
            "type": "string",
            "format": "date-time"
          },
          "end": {
            "type": "string",
            "format": "date-time"
          },
          "participantIds": {
            "uniqueItems": true,
            "type": "array",
            "items": {
              "type": "integer",
              "format": "int32"
            }
          },
          "roomId": {
            "type": "integer",
            "format": "int32",
            "nullable": true
          },
          "info": {
            "type": "string",
            "nullable": true
          }
        },
        "additionalProperties": false
      },
      "CreatePatientDetails": {
        "required": [
          "birthDate",
          "personId"
        ],
        "type": "object",
        "properties": {
          "personId": {
            "type": "integer",
            "format": "int32"
          },
          "birthDate": {
            "type": "string",
            "format": "date"
          },
          "info": {
            "type": "string",
            "nullable": true
          }
        },
        "additionalProperties": false
      },
      "CreatePerson": {
        "required": [
          "name",
          "roleId",
          "surname"
        ],
        "type": "object",
        "properties": {
          "name": {
            "maxLength": 50,
            "minLength": 0,
            "type": "string"
          },
          "surname": {
            "maxLength": 50,
            "minLength": 0,
            "type": "string"
          },
          "email": {
            "type": "string",
            "format": "email",
            "nullable": true
          },
          "phone": {
            "type": "string",
            "format": "tel",
            "nullable": true
          },
          "roleId": {
            "type": "integer",
            "format": "int32"
          }
        },
        "additionalProperties": false
      },
      "CreateRole": {
        "required": [
          "name"
        ],
        "type": "object",
        "properties": {
          "name": {
            "maxLength": 50,
            "minLength": 0,
            "type": "string"
          }
        },
        "additionalProperties": false
      },
      "CreateRoom": {
        "required": [
          "name"
        ],
        "type": "object",
        "properties": {
          "name": {
            "minLength": 1,
            "type": "string"
          }
        },
        "additionalProperties": false
      },
      "Event": {
        "required": [
          "end",
          "id",
          "name",
          "participantIds",
          "start",
          "statusId"
        ],
        "type": "object",
        "properties": {
          "id": {
            "type": "integer",
            "format": "int32"
          },
          "name": {
            "maxLength": 100,
            "minLength": 1,
            "type": "string"
          },
          "start": {
            "type": "string",
            "format": "date-time"
          },
          "end": {
            "type": "string",
            "format": "date-time"
          },
          "participantIds": {
            "type": "array",
            "items": {
              "type": "integer",
              "format": "int32"
            }
          },
          "statusId": {
            "type": "integer",
            "format": "int32"
          },
          "roomId": {
            "type": "integer",
            "format": "int32",
            "nullable": true
          },
          "info": {
            "type": "string",
            "nullable": true
          }
        },
        "additionalProperties": false
      },
      "EventStatus": {
        "required": [
          "id",
          "name"
        ],
        "type": "object",
        "properties": {
          "id": {
            "type": "integer",
            "format": "int32"
          },
          "name": {
            "minLength": 1,
            "type": "string"
          }
        },
        "additionalProperties": false
      },
      "HttpValidationProblemDetails": {
        "type": "object",
        "properties": {
          "type": {
            "type": "string",
            "nullable": true
          },
          "title": {
            "type": "string",
            "nullable": true
          },
          "status": {
            "type": "integer",
            "format": "int32",
            "nullable": true
          },
          "detail": {
            "type": "string",
            "nullable": true
          },
          "instance": {
            "type": "string",
            "nullable": true
          },
          "errors": {
            "type": "object",
            "additionalProperties": {
              "type": "array",
              "items": {
                "type": "string"
              }
            },
            "nullable": true
          }
        },
        "additionalProperties": {}
      },
      "PatchEventPersons": {
        "type": "object",
        "properties": {
          "addPersonsIds": {
            "uniqueItems": true,
            "type": "array",
            "items": {
              "type": "integer",
              "format": "int32"
            },
            "nullable": true
          },
          "removePersonsIds": {
            "uniqueItems": true,
            "type": "array",
            "items": {
              "type": "integer",
              "format": "int32"
            },
            "nullable": true
          }
        },
        "additionalProperties": false
      },
      "PatientDetails": {
        "required": [
          "birthDate",
          "personId"
        ],
        "type": "object",
        "properties": {
          "personId": {
            "type": "integer",
            "format": "int32"
          },
          "birthDate": {
            "type": "string",
            "format": "date"
          },
          "info": {
            "type": "string",
            "nullable": true
          }
        },
        "additionalProperties": false
      },
      "Person": {
        "required": [
          "id",
          "name",
          "roleId",
          "surname"
        ],
        "type": "object",
        "properties": {
          "id": {
            "type": "integer",
            "format": "int32"
          },
          "name": {
            "maxLength": 50,
            "minLength": 0,
            "type": "string"
          },
          "surname": {
            "maxLength": 50,
            "minLength": 0,
            "type": "string"
          },
          "email": {
            "type": "string",
            "format": "email",
            "nullable": true
          },
          "phone": {
            "type": "string",
            "format": "tel",
            "nullable": true
          },
          "roleId": {
            "type": "integer",
            "format": "int32"
          }
        },
        "additionalProperties": false
      },
      "Role": {
        "required": [
          "id",
          "name"
        ],
        "type": "object",
        "properties": {
          "id": {
            "type": "integer",
            "format": "int32"
          },
          "name": {
            "maxLength": 50,
            "minLength": 0,
            "type": "string"
          }
        },
        "additionalProperties": false
      },
      "Room": {
        "required": [
          "id",
          "name"
        ],
        "type": "object",
        "properties": {
          "id": {
            "type": "integer",
            "format": "int32"
          },
          "name": {
            "minLength": 1,
            "type": "string"
          }
        },
        "additionalProperties": false
      },
      "UpdateEvent": {
        "required": [
          "end",
          "name",
          "participantIds",
          "start"
        ],
        "type": "object",
        "properties": {
          "name": {
            "maxLength": 100,
            "minLength": 1,
            "type": "string"
          },
          "start": {
            "type": "string",
            "format": "date-time"
          },
          "end": {
            "type": "string",
            "format": "date-time"
          },
          "participantIds": {
            "uniqueItems": true,
            "type": "array",
            "items": {
              "type": "integer",
              "format": "int32"
            }
          },
          "roomId": {
            "type": "integer",
            "format": "int32",
            "nullable": true
          },
          "info": {
            "type": "string",
            "nullable": true
          }
        },
        "additionalProperties": false
      },
      "UpdatePatientDetails": {
        "required": [
          "birthDate"
        ],
        "type": "object",
        "properties": {
          "birthDate": {
            "type": "string",
            "format": "date"
          },
          "info": {
            "type": "string",
            "nullable": true
          }
        },
        "additionalProperties": false
      },
      "UpdatePerson": {
        "required": [
          "name",
          "roleId",
          "surname"
        ],
        "type": "object",
        "properties": {
          "name": {
            "maxLength": 50,
            "minLength": 0,
            "type": "string"
          },
          "surname": {
            "maxLength": 50,
            "minLength": 0,
            "type": "string"
          },
          "email": {
            "type": "string",
            "format": "email",
            "nullable": true
          },
          "phone": {
            "type": "string",
            "format": "tel",
            "nullable": true
          },
          "roleId": {
            "type": "integer",
            "format": "int32"
          }
        },
        "additionalProperties": false
      },
      "UpdateRole": {
        "required": [
          "name"
        ],
        "type": "object",
        "properties": {
          "name": {
            "maxLength": 50,
            "minLength": 0,
            "type": "string"
          }
        },
        "additionalProperties": false
      },
      "UpdateRoom": {
        "required": [
          "name"
        ],
        "type": "object",
        "properties": {
          "name": {
            "minLength": 1,
            "type": "string"
          }
        },
        "additionalProperties": false
      }
    },
    "securitySchemes": {
      "ApiKey": {
        "type": "apiKey",
        "description": "Enter an API key in the 'Value' field",
        "name": "API-KEY",
        "in": "header"
      }
    }
  },
  "security": [
    {
      "ApiKey": []
    }
  ]
}